Team,Age,W,L,PW,PL,MOV,SOS,SRS,ORtg,DRtg,NRtg,Pace,FTr,3PAr,TS%,Off_eFG%,Off_TOV%,ORB%,Off_FT/FGA,Def_eFG%,Def_TOV%,DRB%,Def_FT/FGA,G,MP,FG,FGA,FG%,3P,3PA,3P%,2P,2PA,2P%,FT,FTA,FT%,ORB,DRB,TRB,AST,STL,BLK,TOV,PF,PTS,Year
Oklahoma City Thunder,26.0,60.0,22.0,64,18,9.21,-0.06,9.15,112.4,102.6,9.8,93.3,0.338,0.244,0.58,0.527,14.4,26.7,0.28,0.469,13.5,73.4,0.197,82,19830,40.5,84.3,0.481,7.8,20.6,0.377,32.8,63.7,0.514,23.6,28.5,0.828,11.1,35.3,46.4,22.7,8.8,8.1,16.2,21.4,112.4,2013
Miami Heat,30.3,66.0,16.0,62,20,7.87,-0.84,7.03,112.3,103.7,8.6,90.7,0.297,0.285,0.588,0.552,13.7,22.2,0.224,0.487,14.8,73.0,0.2,82,19880,41.9,84.5,0.496,9.5,24.1,0.396,32.4,60.4,0.536,18.9,25.1,0.754,9.0,33.2,42.2,25.2,9.5,5.9,15.2,20.4,112.3,2013
Los Angeles Clippers,28.8,56.0,26.0,59,23,6.45,-0.02,6.43,110.6,103.6,7.0,91.1,0.286,0.265,0.557,0.526,13.9,28.8,0.203,0.492,15.4,73.5,0.229,82,19730,42.2,88.2,0.478,8.4,23.4,0.358,33.8,64.8,0.522,17.9,25.2,0.711,12.5,33.0,45.6,26.1,10.5,6.2,16.0,22.9,110.6,2013
San Antonio Spurs,28.6,58.0,24.0,58,24,6.4,0.27,6.67,108.3,101.6,6.7,94.2,0.258,0.264,0.568,0.531,14.0,20.5,0.204,0.48,13.7,74.9,0.179,82,19880,41.1,85.6,0.481,8.5,22.6,0.376,32.6,62.9,0.519,17.5,22.1,0.791,8.5,34.9,43.4,26.4,8.9,5.7,15.5,18.3,108.3,2013
Denver Nuggets,26.1,57.0,25.0,55,27,5.09,0.28,5.37,110.4,105.1,5.3,95.1,0.308,0.217,0.549,0.515,13.6,31.4,0.216,0.493,14.3,71.8,0.193,82,19905,42.3,88.6,0.478,6.6,19.3,0.343,35.7,69.3,0.516,19.1,27.2,0.701,13.8,33.0,46.8,25.4,9.7,6.8,15.9,21.3,110.4,2013
New York Knicks,30.2,54.0,28.0,53,29,4.23,-0.5,3.73,111.1,106.3,4.8,89.8,0.258,0.354,0.55,0.515,11.7,25.6,0.196,0.508,14.8,74.7,0.216,82,19730,40.6,90.6,0.448,12.1,32.1,0.376,28.5,58.5,0.487,17.8,23.4,0.759,12.1,33.0,45.1,21.4,9.1,4.0,13.4,22.4,111.1,2013
Memphis Grizzlies,27.0,56.0,26.0,54,28,4.15,0.18,4.32,104.9,100.3,4.6,88.4,0.261,0.166,0.514,0.472,13.3,31.0,0.202,0.475,15.2,74.3,0.209,82,19805,40.6,91.5,0.444,5.2,15.2,0.345,35.4,76.4,0.463,18.5,23.9,0.773,14.5,33.5,48.0,23.5,9.6,6.0,15.7,22.7,104.9,2013
Indiana Pacers,25.7,49.0,32.0,52,29,4.02,-0.69,3.34,104.3,99.8,4.5,90.2,0.293,0.245,0.521,0.479,14.3,30.3,0.219,0.453,12.9,74.6,0.197,81,19590,38.7,88.6,0.436,7.5,21.7,0.347,31.1,66.9,0.465,19.4,26.0,0.746,14.2,36.3,50.5,22.3,7.9,7.0,16.7,22.1,104.3,2013
Houston Rockets,24.4,45.0,37.0,50,32,3.48,0.22,3.69,109.7,106.1,3.6,96.1,0.308,0.349,0.564,0.525,14.9,26.4,0.232,0.502,13.5,75.2,0.196,82,19780,39.4,85.6,0.461,10.9,29.9,0.366,28.5,55.7,0.511,19.9,26.3,0.754,11.5,33.5,45.0,24.0,8.6,4.5,17.0,21.0,109.7,2013
Brooklyn Nets,28.6,49.0,33.0,46,36,1.78,-0.53,1.25,108.2,106.2,2.0,88.8,0.299,0.269,0.536,0.498,14.0,30.9,0.219,0.503,13.1,73.7,0.174,82,19855,40.1,89.1,0.45,8.6,24.0,0.357,31.5,65.1,0.484,19.5,26.7,0.731,14.3,33.5,47.8,22.7,8.2,5.3,16.4,20.4,108.2,2013
Los Angeles Lakers,30.7,45.0,37.0,44,38,1.16,0.32,1.48,107.8,106.6,1.2,94.4,0.345,0.303,0.548,0.512,13.9,27.0,0.239,0.496,11.9,74.3,0.163,82,19755,39.1,85.4,0.458,9.2,25.9,0.355,29.9,59.5,0.503,20.4,29.4,0.692,12.1,35.1,47.3,23.4,7.4,5.5,15.8,18.9,107.8,2013
Golden State Warriors,25.3,47.0,35.0,44,38,0.89,0.42,1.32,106.4,105.5,0.9,94.5,0.255,0.239,0.545,0.506,14.0,25.4,0.201,0.486,12.4,75.5,0.211,82,19805,40.2,87.7,0.458,8.4,20.9,0.403,31.7,66.8,0.475,17.7,22.4,0.79,11.4,35.9,47.3,23.7,7.3,4.4,15.9,22.5,106.4,2013
Atlanta Hawks,27.1,44.0,38.0,42,40,0.4,-0.48,-0.08,104.8,104.4,0.4,92.6,0.244,0.286,0.546,0.517,14.2,22.2,0.174,0.496,14.2,73.6,0.181,82,19855,40.2,86.7,0.464,9.2,24.8,0.371,31.0,61.9,0.501,15.1,21.1,0.715,9.9,33.8,43.7,26.2,8.7,4.8,15.9,19.2,104.8,2013
Chicago Bulls,28.0,45.0,37.0,42,40,0.32,-0.33,-0.02,103.5,103.2,0.3,89.3,0.259,0.189,0.512,0.47,13.6,29.4,0.201,0.477,13.2,73.6,0.206,82,19830,39.6,90.7,0.437,6.0,17.1,0.353,33.6,73.6,0.456,18.2,23.5,0.773,13.9,34.1,48.0,25.5,8.0,5.6,15.9,21.9,103.5,2013
Utah Jazz,26.3,43.0,39.0,41,41,-0.09,0.38,0.3,106.7,106.8,-0.1,90.9,0.281,0.206,0.533,0.492,13.8,28.8,0.214,0.501,14.0,73.2,0.226,82,19880,40.4,89.1,0.454,6.7,18.4,0.366,33.7,70.7,0.477,19.1,25.0,0.764,13.1,32.6,45.8,24.7,9.2,6.8,16.1,23.2,106.7,2013
Boston Celtics,29.1,41.0,40.0,40,41,-0.22,-0.4,-0.62,103.1,103.3,-0.2,91.7,0.263,0.215,0.542,0.503,14.1,20.1,0.204,0.482,14.2,73.3,0.216,81,19840,39.6,85.2,0.465,6.6,18.3,0.358,33.0,66.8,0.494,17.4,22.4,0.776,8.6,33.4,42.0,24.3,8.8,4.8,15.6,22.6,103.1,2013
Dallas Mavericks,29.5,41.0,41.0,39,43,-0.6,0.36,-0.24,105.9,106.5,-0.6,94.1,0.242,0.236,0.544,0.506,13.0,21.8,0.192,0.492,13.3,73.1,0.227,82,19980,40.6,88.0,0.462,7.7,20.8,0.372,32.9,67.2,0.489,16.9,21.3,0.793,9.8,34.1,43.9,24.3,8.3,5.8,14.6,21.7,105.9,2013
Milwaukee Bucks,26.4,38.0,44.0,37,45,-1.5,-0.33,-1.83,103.6,105.2,-1.6,94.7,0.236,0.232,0.51,0.476,12.7,27.9,0.174,0.492,14.4,71.3,0.201,82,19830,40.0,92.0,0.435,7.7,21.3,0.36,32.3,70.6,0.457,16.0,21.7,0.736,13.7,32.4,46.1,24.0,8.8,7.0,14.8,19.9,103.6,2013
Toronto Raptors,25.4,34.0,48.0,37,45,-1.48,-0.48,-1.96,105.9,107.5,-1.6,90.4,0.274,0.249,0.532,0.488,13.0,25.5,0.216,0.5,13.6,73.4,0.247,82,19980,39.6,88.8,0.446,7.6,22.1,0.343,32.0,66.7,0.48,19.2,24.3,0.788,11.6,32.2,43.8,23.5,7.9,5.2,14.9,24.4,105.9,2013
Minnesota Timberwolves,26.4,31.0,51.0,34,48,-2.37,0.54,-1.83,102.9,105.4,-2.5,92.8,0.305,0.22,0.516,0.473,13.8,27.4,0.226,0.511,15.0,74.0,0.187,82,19730,38.6,87.8,0.439,5.9,19.3,0.305,32.7,68.5,0.477,19.9,26.8,0.742,12.7,32.4,45.2,24.1,9.2,5.1,15.9,19.8,102.9,2013
Washington Wizards,25.4,29.0,53.0,33,49,-2.54,-0.25,-2.78,100.2,103.0,-2.8,92.2,0.261,0.223,0.512,0.475,14.2,24.6,0.191,0.483,13.7,74.6,0.206,82,19855,38.2,87.8,0.435,7.1,19.6,0.365,31.0,68.2,0.455,16.8,22.9,0.733,11.6,34.8,46.4,23.3,7.8,4.9,16.2,22.0,100.2,2013
Portland Trail Blazers,24.4,33.0,49.0,32,50,-3.17,0.65,-2.53,105.8,109.2,-3.4,91.4,0.25,0.284,0.536,0.498,13.9,25.3,0.194,0.512,12.5,73.3,0.189,82,19855,39.8,88.8,0.448,8.9,25.2,0.353,30.9,63.6,0.486,17.2,22.2,0.776,11.6,32.7,44.3,23.6,7.1,4.7,15.9,20.1,105.8,2013
Philadelphia 76ers,25.2,34.0,48.0,31,51,-3.34,-0.17,-3.51,102.0,105.7,-3.7,91.0,0.2,0.209,0.509,0.481,12.5,24.9,0.146,0.495,13.7,73.4,0.2,82,19755,40.8,92.0,0.444,6.9,19.2,0.36,33.9,72.9,0.466,13.4,18.4,0.729,12.0,33.3,45.2,24.9,8.1,5.1,14.3,20.1,102.0,2013
Detroit Pistons,25.3,29.0,53.0,29,53,-3.99,-0.34,-4.33,103.8,108.1,-4.3,90.8,0.282,0.217,0.521,0.487,14.3,28.3,0.197,0.505,13.1,73.0,0.209,82,19805,39.7,88.6,0.449,6.8,19.2,0.356,32.9,69.4,0.474,17.4,24.9,0.699,13.2,32.9,46.1,23.2,7.7,5.3,16.6,21.7,103.8,2013
New Orleans Hornets,24.0,27.0,55.0,30,52,-3.87,0.75,-3.12,105.7,110.1,-4.4,88.5,0.248,0.224,0.528,0.489,14.0,29.2,0.193,0.52,13.1,74.4,0.208,82,19780,40.5,90.3,0.448,7.3,20.2,0.363,33.2,70.1,0.473,17.4,22.4,0.776,13.5,33.2,46.8,23.6,7.1,6.0,16.4,22.9,105.7,2013
Cleveland Cavaliers,24.1,24.0,58.0,28,54,-4.68,-0.19,-4.87,104.3,109.4,-5.1,92.3,0.265,0.229,0.514,0.473,13.0,28.1,0.2,0.523,14.4,72.6,0.225,82,19730,39.5,91.0,0.434,7.2,20.8,0.346,32.2,70.1,0.46,18.2,24.1,0.756,13.2,31.1,44.3,22.3,8.5,4.4,15.1,22.9,104.3,2013
Sacramento Kings,25.6,28.0,54.0,28,54,-4.88,0.62,-4.26,106.2,111.4,-5.2,93.6,0.271,0.243,0.532,0.491,13.4,26.6,0.208,0.517,13.6,71.0,0.227,82,19830,39.9,89.2,0.447,7.9,21.7,0.363,32.0,67.5,0.474,18.6,24.2,0.769,12.2,30.8,43.0,22.1,8.7,4.4,15.5,22.2,106.2,2013
Phoenix Suns,26.9,25.0,57.0,23,59,-6.46,0.71,-5.75,101.2,108.1,-6.9,93.4,0.234,0.21,0.512,0.477,14.3,27.0,0.174,0.512,14.2,71.9,0.208,82,19805,39.7,89.7,0.443,6.2,18.9,0.33,33.5,70.8,0.473,15.6,21.0,0.744,12.4,31.8,44.3,24.1,8.5,5.6,16.6,21.9,101.2,2013
Orlando Magic,24.6,20.0,62.0,22,60,-6.99,-0.14,-7.12,101.6,109.1,-7.5,92.2,0.197,0.223,0.514,0.485,13.7,25.4,0.149,0.508,11.8,74.6,0.195,82,19780,40.7,90.9,0.448,6.7,20.2,0.329,34.1,70.6,0.482,13.5,17.9,0.755,11.7,34.4,46.1,24.6,7.0,4.7,15.7,20.9,101.6,2013
Charlotte Bobcats,24.4,21.0,61.0,17,65,-9.23,-0.06,-9.29,101.5,111.5,-10.0,91.5,0.31,0.21,0.507,0.46,13.2,25.7,0.233,0.524,13.2,71.1,0.197,82,19805,37.4,88.1,0.425,6.2,18.5,0.335,31.2,69.6,0.448,20.5,27.3,0.75,12.2,31.7,43.8,21.0,7.8,6.3,15.3,20.7,101.5,2013
